Domain,Status,Attractiveness,Demand,Length,Sectors,Created,Expires,Registrar
one.apartments,available,132,44%,3,"Business,General,Media,Technology",,,
second.apartments,available,120,23%,6,"General,Mathematics",,,
tenth.apartments,available,116,7%,5,Mathematics,,,
zero.apartments,expiring,112,49%,4,Mathematics,31/08/2020 02:48,31/08/2025 02:48,"GMO Internet Group, Inc. d/b/a Onamae.com"
eight.apartments,available,102,23%,5,"General,Mathematics",,,
sixth.apartments,available,100,8%,5,Mathematics,,,
third.apartments,available,100,16%,5,Mathematics,,,
crack.apartments,available,100,20%,5,Sports,,,
ninth.apartments,available,100,9%,5,Mathematics,,,
eighth.apartments,available,100,6%,6,Mathematics,,,
twentieth.apartments,available,92,3%,9,Mathematics,,,
nought.apartments,available,92,4%,6,Mathematics,,,
leash.apartments,available,90,7%,5,"General,Health and Fitness,Retail",,,
twelve.apartments,available,88,18%,6,"General,Mathematics",,,
ten.apartments,available,88,28%,3,"General,Mathematics",,,
hundred.apartments,available,88,14%,7,Mathematics,,,
three.apartments,available,88,24%,5,Mathematics,,,
fifteen.apartments,available,88,13%,7,Mathematics,,,
eleven.apartments,available,88,33%,6,Mathematics,,,
ace.apartments,available,88,34%,3,Sports,,,
sixteen.apartments,available,88,11%,7,Mathematics,,,
xiv.apartments,available,86,12%,3,Mathematics,,,
cipher.apartments,available,86,29%,6,Mathematics,,,
xix.apartments,available,86,11%,3,Mathematics,,,
twentytwo.apartments,available,84,11%,10,Mathematics,,,
fourteen.apartments,available,84,8%,8,Mathematics,,,
grand.apartments,available,84,25%,5,"Finance,General",,,
nineteen.apartments,available,84,8%,8,Mathematics,,,
thirteen.apartments,available,84,10%,8,Mathematics,,,
twentyone.apartments,available,84,13%,10,Mathematics,,,
thousand.apartments,available,84,8%,8,Mathematics,,,
seventeen.apartments,available,84,7%,9,Mathematics,,,
fivesome.apartments,available,82,1%,8,Sports,,,
decade.apartments,available,82,10%,6,Mathematics,,,
dozen.apartments,available,82,10%,5,Mathematics,,,
nine.apartments,available,80,24%,4,"General,Mathematics",,,
two.apartments,available,80,24%,3,Mathematics,,,
yard.apartments,available,80,26%,4,"Construction,General",,,
first.apartments,available,80,36%,5,"General,Mathematics",,,
twenty.apartments,available,80,12%,6,Mathematics,,,
trio.apartments,available,80,21%,4,Entertainment,,,
forty.apartments,available,80,9%,5,Mathematics,,,
seventh.apartments,available,80,10%,7,Mathematics,,,
twentysix.apartments,available,78,8%,10,Mathematics,,,
sixtynine.apartments,available,78,8%,10,Mathematics,,,
nineteenth.apartments,available,76,3%,10,Mathematics,,,
thirteenth.apartments,available,76,4%,10,Mathematics,,,
threed.apartments,available,76,7%,7,Technology,,,
firstrate.apartments,available,76,6%,10,Business,,,
fourteenth.apartments,available,76,1%,10,Mathematics,,,
thousandth.apartments,available,76,1%,10,Mathematics,,,
hundredth.apartments,available,76,1%,9,Mathematics,,,
eighteen.apartments,available,76,7%,8,Mathematics,,,
fifteenth.apartments,available,76,2%,9,Mathematics,,,
single.apartments,available,74,19%,6,Sports,,,
trinity.apartments,available,72,18%,7,Religion,,,
liv.apartments,available,72,27%,3,Mathematics,,,
eightieth.apartments,available,72,1%,9,Mathematics,,,
ternary.apartments,available,72,7%,7,Mathematics,,,
seventieth.apartments,available,72,1%,10,Mathematics,,,
ninetieth.apartments,available,72,1%,9,Mathematics,,,
trey.apartments,available,72,14%,4,Sports,,,
sixtieth.apartments,available,72,1%,8,Mathematics,,,
tiptop.apartments,available,70,24%,6,Fashion,,,
unity.apartments,available,70,40%,5,Mathematics,,,
octonary.apartments,available,68,1%,8,Mathematics,,,
foursome.apartments,available,68,4%,8,Sports,,,
threesome.apartments,available,68,5%,9,Entertainment,,,
ane.apartments,available,68,12%,3,Mathematics,,,
ennead.apartments,available,68,5%,6,Mathematics,,,
fortieth.apartments,available,68,0%,8,Mathematics,,,
sevener.apartments,available,68,1%,7,Mathematics,,,
thirtieth.apartments,available,68,1%,9,Mathematics,,,
fiftieth.apartments,available,68,0%,8,Mathematics,,,
septenary.apartments,available,68,1%,9,Mathematics,,,
tenner.apartments,available,66,5%,6,Finance,,,
xiii.apartments,available,66,9%,4,Mathematics,,,
five.apartments,available,66,26%,4,Mathematics,,,
xxii.apartments,available,66,6%,4,Mathematics,,,
onec.apartments,available,66,6%,5,Mathematics,,,
clv.apartments,available,66,10%,3,Mathematics,,,
deuce.apartments,available,66,9%,5,Sports,,,
ninety.apartments,available,66,11%,6,Mathematics,,,
xvi.apartments,available,66,5%,3,Mathematics,,,
xii.apartments,available,66,10%,3,Mathematics,,,
sextet.apartments,available,66,1%,6,Entertainment,,,
xvii.apartments,available,66,5%,4,Mathematics,,,
xxvi.apartments,available,66,3%,4,Mathematics,,,
six.apartments,available,66,26%,3,Mathematics,,,
xxv.apartments,available,66,6%,3,Mathematics,,,
four.apartments,available,66,27%,4,Mathematics,,,
thirty.apartments,available,66,8%,6,Mathematics,,,
eighty.apartments,available,66,6%,6,Mathematics,,,
latest.apartments,available,66,18%,6,Technology,,,
fifty.apartments,available,66,12%,5,Mathematics,,,
century.apartments,available,66,17%,7,Education,,,
xviii.apartments,available,66,5%,5,Mathematics,,,
xxi.apartments,available,66,10%,3,Mathematics,,,
acappella.apartments,available,66,6%,10,Entertainment,,,
quartet.apartments,available,62,7%,7,"Arts,Entertainment",,,
troika.apartments,available,62,8%,6,Politics,,,
chiliad.apartments,available,62,2%,7,Mathematics,,,
eleventh.apartments,available,62,5%,8,Mathematics,,,
sixteenth.apartments,available,62,1%,9,Mathematics,,,
twodozen.apartments,available,62,1%,9,Mathematics,,,
eighteenth.apartments,available,62,1%,10,Mathematics,,,
fortyfour.apartments,available,62,6%,10,Mathematics,,,
longdozen.apartments,available,62,2%,10,Mathematics,,,
cxx.apartments,available,60,10%,3,Mathematics,,,
xcl.apartments,available,60,5%,3,Mathematics,,,
clxx.apartments,available,60,3%,4,Mathematics,,,
eightysix.apartments,available,60,7%,10,Mathematics,,,
thou.apartments,available,60,7%,4,Mathematics,,,
clxxx.apartments,available,60,1%,5,Mathematics,,,
cxl.apartments,available,60,7%,3,Mathematics,,,
clxxv.apartments,available,60,1%,5,Mathematics,,,
tertiary.apartments,available,60,4%,8,Education,,,
cxxxv.apartments,available,60,2%,5,Mathematics,,,
cxxv.apartments,available,60,1%,4,Mathematics,,,
sixty.apartments,available,60,13%,5,Mathematics,,,
cxlv.apartments,available,60,2%,4,Mathematics,,,
clxv.apartments,available,60,1%,4,Mathematics,,,
clx.apartments,available,60,10%,3,Mathematics,,,
cxxx.apartments,available,60,4%,4,Mathematics,,,
cxv.apartments,available,60,4%,3,Mathematics,,,
hexad.apartments,available,58,4%,5,Mathematics,,,
tetrad.apartments,available,58,5%,6,Mathematics,,,
sextuplet.apartments,available,58,1%,9,Healthcare,,,
seventy.apartments,available,58,7%,7,Mathematics,,,
niner.apartments,available,58,5%,5,Mathematics,,,
heptad.apartments,available,58,1%,6,Mathematics,,,
sixer.apartments,available,58,5%,5,Sports,,,
pentad.apartments,available,58,2%,6,Mathematics,,,
twelfth.apartments,available,58,2%,7,Mathematics,,,
fourth.apartments,available,58,13%,6,Mathematics,,,
lxxx.apartments,available,58,2%,4,Mathematics,,,
eighter.apartments,available,58,2%,7,Mathematics,,,
alacarte.apartments,available,58,11%,10,Food and Beverage,,,
sixtyone.apartments,available,58,3%,9,Mathematics,,,
octad.apartments,available,58,5%,5,Mathematics,,,
super.apartments,available,58,47%,5,Business,,,
fourscore.apartments,available,58,4%,9,Mathematics,,,
fifth.apartments,available,58,12%,5,Mathematics,,,
centesimal.apartments,available,58,1%,10,Mathematics,,,
cypher.apartments,available,58,29%,6,Mathematics,,,
aone.apartments,available,56,15%,5,Food and Beverage,,,
thirtysix.apartments,available,56,5%,10,Mathematics,,,
xxiv.apartments,available,56,5%,4,Mathematics,,,
ilx.apartments,available,56,5%,3,Mathematics,,,
xxxv.apartments,available,56,4%,4,Mathematics,,,
xxxvii.apartments,available,56,2%,6,Mathematics,,,
thirtytwo.apartments,available,56,5%,10,Mathematics,,,
xlvii.apartments,available,56,2%,5,Mathematics,,,
xliii.apartments,available,56,1%,5,Mathematics,,,
fiftysix.apartments,available,56,4%,9,Mathematics,,,
xlvi.apartments,available,56,3%,4,Mathematics,,,
xlviii.apartments,available,56,1%,6,Mathematics,,,
fiftyfour.apartments,available,56,3%,10,Mathematics,,,
fiftyfive.apartments,available,56,7%,10,Mathematics,,,
xxxvi.apartments,available,56,1%,5,Mathematics,,,
xli.apartments,available,56,5%,3,Mathematics,,,
xxvii.apartments,available,56,3%,5,Mathematics,,,
fortynine.apartments,available,56,3%,10,Mathematics,,,
fortyone.apartments,available,56,4%,9,Mathematics,,,
fiftytwo.apartments,available,56,6%,9,Mathematics,,,
lvi.apartments,available,56,8%,3,Mathematics,,,
halfdozen.apartments,available,56,1%,10,Mathematics,,,
lii.apartments,available,56,7%,3,Mathematics,,,
thirtyone.apartments,available,56,5%,10,Mathematics,,,
liii.apartments,available,56,4%,4,Mathematics,,,
xxxi.apartments,available,56,9%,4,Mathematics,,,
lviii.apartments,available,56,1%,5,Mathematics,,,
xxxiii.apartments,available,56,2%,6,Mathematics,,,
xxviii.apartments,available,56,1%,6,Mathematics,,,
xxxii.apartments,available,56,1%,5,Mathematics,,,
xliv.apartments,available,56,2%,4,Mathematics,,,
lvii.apartments,available,56,1%,4,Mathematics,,,
xlv.apartments,available,56,6%,3,Mathematics,,,
xxiii.apartments,available,56,5%,5,Mathematics,,,
xxxiv.apartments,available,56,1%,5,Mathematics,,,
fiftyone.apartments,available,56,7%,9,Mathematics,,,
fortytwo.apartments,available,56,17%,9,Mathematics,,,
fiftynine.apartments,available,56,4%,10,Mathematics,,,
xxix.apartments,available,56,4%,4,Mathematics,,,
xlii.apartments,available,56,5%,4,Mathematics,,,
fortysix.apartments,available,56,3%,9,Mathematics,,,
xxxviii.apartments,available,56,1%,7,Mathematics,,,
quatern.apartments,available,54,2%,7,Mathematics,,,
threescore.apartments,available,54,1%,10,Mathematics,,,
twoscore.apartments,available,54,2%,8,Mathematics,,,
viii.apartments,available,54,6%,4,Mathematics,,,
topnotch.apartments,available,54,18%,8,Business,,,
fortyfive.apartments,available,54,4%,10,Mathematics,,,
quaternity.apartments,available,54,4%,10,Mathematics,,,
quaternion.apartments,available,54,6%,10,Mathematics,,,
deuceace.apartments,available,54,2%,9,Sports,,,
vii.apartments,available,54,13%,3,Mathematics,,,
lxxv.apartments,available,52,1%,4,Mathematics,,,
xciv.apartments,available,52,2%,4,Mathematics,,,
lxv.apartments,available,52,5%,3,Mathematics,,,
lxxxvii.apartments,available,52,1%,7,Mathematics,,,
sixtysix.apartments,available,52,4%,9,Mathematics,,,
lxxi.apartments,available,52,1%,4,Mathematics,,,
eightytwo.apartments,available,52,4%,10,Mathematics,,,
xciii.apartments,available,52,1%,5,Mathematics,,,
lxxii.apartments,available,52,1%,5,Mathematics,,,
lxi.apartments,available,52,5%,3,Mathematics,,,
ixc.apartments,available,52,5%,3,Mathematics,,,
eightyone.apartments,available,52,3%,10,Mathematics,,,
lxxxii.apartments,available,52,1%,6,Mathematics,,,
lxiv.apartments,available,52,3%,4,Mathematics,,,
lxxxiii.apartments,available,52,1%,7,Mathematics,,,
ixl.apartments,available,52,9%,3,Mathematics,,,
xcvi.apartments,available,52,2%,4,Mathematics,,,
lxxiv.apartments,available,52,1%,5,Mathematics,,,
xci.apartments,available,52,4%,3,Mathematics,,,
lxxiii.apartments,available,52,1%,6,Mathematics,,,
lxii.apartments,available,52,1%,4,Mathematics,,,
lxiii.apartments,available,52,2%,5,Mathematics,,,
xcv.apartments,available,52,7%,3,Mathematics,,,
lxxxi.apartments,available,52,1%,5,Mathematics,,,
ninetytwo.apartments,available,52,4%,10,Mathematics,,,
lxvii.apartments,available,52,1%,5,Mathematics,,,
xcviii.apartments,available,52,1%,6,Mathematics,,,
sixtyfour.apartments,available,52,3%,10,Mathematics,,,
lxxvii.apartments,available,52,2%,6,Mathematics,,,
lxxxiv.apartments,available,52,1%,6,Mathematics,,,
xcvii.apartments,available,52,1%,5,Mathematics,,,
sixtytwo.apartments,available,52,3%,9,Mathematics,,,
lxviii.apartments,available,52,1%,6,Mathematics,,,
lxvi.apartments,available,52,3%,4,Mathematics,,,
xcii.apartments,available,52,2%,4,Mathematics,,,
ninetysix.apartments,available,52,4%,10,Mathematics,,,
lxxxvi.apartments,available,52,1%,6,Mathematics,,,
ninetyone.apartments,available,52,5%,10,Mathematics,,,
sixtyfive.apartments,available,52,3%,10,Mathematics,,,
lxxxv.apartments,available,52,1%,5,Mathematics,,,
lxxvi.apartments,available,52,1%,5,Mathematics,,,
triplet.apartments,available,50,8%,7,Science,,,
cinque.apartments,available,50,7%,6,Mathematics,,,
ogdoad.apartments,available,50,1%,6,Mathematics,,,
lxx.apartments,available,50,5%,3,Mathematics,,,
lxxxviii.apartments,available,48,1%,8,Mathematics,,,
quaternary.apartments,available,46,3%,10,Mathematics,,,